도시이름,날짜,요일한글,방문객한글,방문자수
임실군,20210101,금요일,외지인(b),15005 
임실군,20210102,토요일,외지인(b),15519 
임실군,20210103,일요일,외지인(b),14042 
임실군,20210104,월요일,외지인(b),8831 
임실군,20210105,화요일,외지인(b),10077 
임실군,20210106,수요일,외지인(b),9398 
임실군,20210107,목요일,외지인(b),5898 
임실군,20210108,금요일,외지인(b),7378 
임실군,20210109,토요일,외지인(b),9349 
임실군,20210110,일요일,외지인(b),10343 
임실군,20210111,월요일,외지인(b),8687 
임실군,20210112,화요일,외지인(b),9373 
임실군,20210113,수요일,외지인(b),9979 
임실군,20210114,목요일,외지인(b),10941 
임실군,20210115,금요일,외지인(b),12226 
임실군,20210116,토요일,외지인(b),16674 
임실군,20210117,일요일,외지인(b),15414 
임실군,20210118,월요일,외지인(b),8376 
임실군,20210119,화요일,외지인(b),9954 
임실군,20210120,수요일,외지인(b),11400 
임실군,20210121,목요일,외지인(b),11750 
임실군,20210122,금요일,외지인(b),12646 
임실군,20210123,토요일,외지인(b),17021 
임실군,20210124,일요일,외지인(b),19824 
임실군,20210125,월요일,외지인(b),13017 
임실군,20210126,화요일,외지인(b),12334 
임실군,20210127,수요일,외지인(b),12905 
임실군,20210128,목요일,외지인(b),11039 
임실군,20210129,금요일,외지인(b),11113 
임실군,20210130,토요일,외지인(b),18704 
임실군,20210131,일요일,외지인(b),20489 
임실군,20210201,월요일,외지인(b),10973 
임실군,20210202,화요일,외지인(b),12208 
임실군,20210203,수요일,외지인(b),11316 
임실군,20210204,목요일,외지인(b),11036 
임실군,20210205,금요일,외지인(b),13867 
임실군,20210206,토요일,외지인(b),21651 
임실군,20210207,일요일,외지인(b),22302 
임실군,20210208,월요일,외지인(b),13055 
임실군,20210209,화요일,외지인(b),13829 
임실군,20210210,수요일,외지인(b),20031 
임실군,20210211,목요일,외지인(b),33117 
임실군,20210212,금요일,외지인(b),48146 
임실군,20210213,토요일,외지인(b),34087 
임실군,20210214,일요일,외지인(b),20829 
임실군,20210215,월요일,외지인(b),11746 
임실군,20210216,화요일,외지인(b),12450 
임실군,20210217,수요일,외지인(b),8554 
임실군,20210218,목요일,외지인(b),9961 
임실군,20210219,금요일,외지인(b),13913 
임실군,20210220,토요일,외지인(b),23268 
임실군,20210221,일요일,외지인(b),24864 
임실군,20210222,월요일,외지인(b),14896 
임실군,20210223,화요일,외지인(b),14851 
임실군,20210224,수요일,외지인(b),14984 
임실군,20210225,목요일,외지인(b),13832 
임실군,20210226,금요일,외지인(b),17556 
임실군,20210227,토요일,외지인(b),31476 
임실군,20210228,일요일,외지인(b),32925 
임실군,20210301,월요일,외지인(b),17962 
임실군,20210302,화요일,외지인(b),10801 
임실군,20210303,수요일,외지인(b),12471 
임실군,20210304,목요일,외지인(b),11823 
임실군,20210305,금요일,외지인(b),14837 
임실군,20210306,토요일,외지인(b),23618 
임실군,20210307,일요일,외지인(b),21844 
임실군,20210308,월요일,외지인(b),13920 
임실군,20210309,화요일,외지인(b),15187 
임실군,20210310,수요일,외지인(b),15694 
임실군,20210311,목요일,외지인(b),15586 
임실군,20210312,금요일,외지인(b),14893 
임실군,20210313,토요일,외지인(b),30062 
임실군,20210314,일요일,외지인(b),28175 
임실군,20210315,월요일,외지인(b),15862 
임실군,20210316,화요일,외지인(b),15617 
임실군,20210317,수요일,외지인(b),16226 
임실군,20210318,목요일,외지인(b),16307 
임실군,20210319,금요일,외지인(b),19215 
임실군,20210320,토요일,외지인(b),22061 
임실군,20210321,일요일,외지인(b),25928 
임실군,20210322,월요일,외지인(b),15302 
임실군,20210323,화요일,외지인(b),16692 
임실군,20210324,수요일,외지인(b),16321 
임실군,20210325,목요일,외지인(b),18613 
임실군,20210326,금요일,외지인(b),21305 
임실군,20210327,토요일,외지인(b),26754 
임실군,20210328,일요일,외지인(b),25445 
임실군,20210329,월요일,외지인(b),16755 
임실군,20210330,화요일,외지인(b),18911 
임실군,20210331,수요일,외지인(b),18886 
임실군,20210401,목요일,외지인(b),16391 
임실군,20210402,금요일,외지인(b),19037 
임실군,20210403,토요일,외지인(b),24304 
임실군,20210404,일요일,외지인(b),23636 
임실군,20210405,월요일,외지인(b),17339 
임실군,20210406,화요일,외지인(b),17014 
임실군,20210407,수요일,외지인(b),15845 
임실군,20210408,목요일,외지인(b),16034 
임실군,20210409,금요일,외지인(b),19110 
임실군,20210410,토요일,외지인(b),35102 
임실군,20210411,일요일,외지인(b),35137 
임실군,20210412,월요일,외지인(b),12033 
임실군,20210413,화요일,외지인(b),14123 
임실군,20210414,수요일,외지인(b),15918 
임실군,20210415,목요일,외지인(b),16128 
임실군,20210416,금요일,외지인(b),17822 
임실군,20210417,토요일,외지인(b),31066 
임실군,20210418,일요일,외지인(b),31350 
임실군,20210419,월요일,외지인(b),15810 
임실군,20210420,화요일,외지인(b),16363 
임실군,20210421,수요일,외지인(b),16139 
임실군,20210422,목요일,외지인(b),16237 
임실군,20210423,금요일,외지인(b),18246 
임실군,20210424,토요일,외지인(b),33611 
임실군,20210425,일요일,외지인(b),32466 
임실군,20210426,월요일,외지인(b),15684 
임실군,20210427,화요일,외지인(b),15796 
임실군,20210428,수요일,외지인(b),15243 
임실군,20210429,목요일,외지인(b),16195 
임실군,20210430,금요일,외지인(b),19961 
임실군,20210501,토요일,외지인(b),29593 
임실군,20210502,일요일,외지인(b),32484 
임실군,20210503,월요일,외지인(b),16548 
임실군,20210504,화요일,외지인(b),16587 
임실군,20210505,수요일,외지인(b),33222 
임실군,20210506,목요일,외지인(b),17339 
임실군,20210507,금요일,외지인(b),20388 
임실군,20210508,토요일,외지인(b),40446 
임실군,20210509,일요일,외지인(b),36628 
임실군,20210510,월요일,외지인(b),14753 
임실군,20210511,화요일,외지인(b),13293 
임실군,20210512,수요일,외지인(b),15946 
임실군,20210513,목요일,외지인(b),16590 
임실군,20210514,금요일,외지인(b),19198 
임실군,20210515,토요일,외지인(b),25526 
임실군,20210516,일요일,외지인(b),20577 
임실군,20210517,월요일,외지인(b),13496 
임실군,20210518,화요일,외지인(b),18949 
임실군,20210519,수요일,외지인(b),33733 
임실군,20210520,목요일,외지인(b),14196 
임실군,20210521,금요일,외지인(b),16814 
임실군,20210522,토요일,외지인(b),33383 
임실군,20210523,일요일,외지인(b),32438 
임실군,20210524,월요일,외지인(b),15999 
임실군,20210525,화요일,외지인(b),15827 
임실군,20210526,수요일,외지인(b),16181 
임실군,20210527,목요일,외지인(b),15197 
임실군,20210528,금요일,외지인(b),17273 
임실군,20210529,토요일,외지인(b),31969 
임실군,20210530,일요일,외지인(b),31451 
임실군,20210531,월요일,외지인(b),14949 
임실군,20210601,화요일,외지인(b),15264 
임실군,20210602,수요일,외지인(b),14371 
임실군,20210603,목요일,외지인(b),12555 
임실군,20210604,금요일,외지인(b),17857 
임실군,20210605,토요일,외지인(b),33026 
임실군,20210606,일요일,외지인(b),31206 
임실군,20210607,월요일,외지인(b),15260 
임실군,20210608,화요일,외지인(b),15201 
임실군,20210609,수요일,외지인(b),14291 
임실군,20210610,목요일,외지인(b),15204 
임실군,20210611,금요일,외지인(b),15960 
임실군,20210612,토요일,외지인(b),28242 
임실군,20210613,일요일,외지인(b),28203 
임실군,20210614,월요일,외지인(b),14459 
임실군,20210615,화요일,외지인(b),14378 
임실군,20210616,수요일,외지인(b),15141 
임실군,20210617,목요일,외지인(b),15971 
임실군,20210618,금요일,외지인(b),17266 
임실군,20210619,토요일,외지인(b),31696 
임실군,20210620,일요일,외지인(b),30258 
임실군,20210621,월요일,외지인(b),17206 
임실군,20210622,화요일,외지인(b),16783 
임실군,20210623,수요일,외지인(b),16258 
임실군,20210624,목요일,외지인(b),17126 
임실군,20210625,금요일,외지인(b),20801 
임실군,20210626,토요일,외지인(b),31245 
임실군,20210627,일요일,외지인(b),31147 
임실군,20210628,월요일,외지인(b),16468 
임실군,20210629,화요일,외지인(b),17203 
임실군,20210630,수요일,외지인(b),16615 
임실군,20210701,목요일,외지인(b),15362 
임실군,20210702,금요일,외지인(b),17920 
임실군,20210703,토요일,외지인(b),24416 
임실군,20210704,일요일,외지인(b),23282 
임실군,20210705,월요일,외지인(b),13685 
임실군,20210706,화요일,외지인(b),11841 
임실군,20210707,수요일,외지인(b),11036 
임실군,20210708,목요일,외지인(b),12775 
임실군,20210709,금요일,외지인(b),17315 
임실군,20210710,토요일,외지인(b),25998 
임실군,20210711,일요일,외지인(b),25347 
임실군,20210712,월요일,외지인(b),14480 
임실군,20210713,화요일,외지인(b),15974 
임실군,20210714,수요일,외지인(b),17014 
임실군,20210715,목요일,외지인(b),16618 
임실군,20210716,금요일,외지인(b),18809 
임실군,20210717,토요일,외지인(b),27661 
임실군,20210718,일요일,외지인(b),27097 
임실군,20210719,월요일,외지인(b),16174 
임실군,20210720,화요일,외지인(b),16951 
임실군,20210721,수요일,외지인(b),16489 
임실군,20210722,목요일,외지인(b),17339 
임실군,20210723,금요일,외지인(b),19306 
임실군,20210724,토요일,외지인(b),29453 
임실군,20210725,일요일,외지인(b),28098 
임실군,20210726,월요일,외지인(b),17934 
임실군,20210727,화요일,외지인(b),18554 
임실군,20210728,수요일,외지인(b),19033 
임실군,20210729,목요일,외지인(b),20255 
임실군,20210730,금요일,외지인(b),24637 
임실군,20210731,토요일,외지인(b),35518 
임실군,20210801,일요일,외지인(b),33740 
임실군,20210802,월요일,외지인(b),22981 
임실군,20210803,화요일,외지인(b),24700 
임실군,20210804,수요일,외지인(b),22925 
임실군,20210805,목요일,외지인(b),21994 
임실군,20210806,금요일,외지인(b),23944 
임실군,20210807,토요일,외지인(b),30506 
임실군,20210808,일요일,외지인(b),28340 
임실군,20210809,월요일,외지인(b),17430 
임실군,20210810,화요일,외지인(b),18239 
임실군,20210811,수요일,외지인(b),18260 
임실군,20210812,목요일,외지인(b),18830 
임실군,20210813,금요일,외지인(b),22155 
임실군,20210814,토요일,외지인(b),33359 
임실군,20210815,일요일,외지인(b),37653 
임실군,20210816,월요일,외지인(b),28252 
임실군,20210817,화요일,외지인(b),18239 
임실군,20210818,수요일,외지인(b),17423 
임실군,20210819,목요일,외지인(b),17577 
임실군,20210820,금요일,외지인(b),19590 
임실군,20210821,토요일,외지인(b),20447 
임실군,20210822,일요일,외지인(b),25802 
임실군,20210823,월요일,외지인(b),12691 
임실군,20210824,화요일,외지인(b),12464 
임실군,20210825,수요일,외지인(b),14291 
임실군,20210826,목요일,외지인(b),16548 
임실군,20210827,금요일,외지인(b),15789 
임실군,20210828,토요일,외지인(b),27986 
임실군,20210829,일요일,외지인(b),24105 
임실군,20210830,월요일,외지인(b),15712 
임실군,20210901,수요일,외지인(b),12460 
임실군,20210902,목요일,외지인(b),14683 
임실군,20210903,금요일,외지인(b),18074 
임실군,20210904,토요일,외지인(b),33898 
임실군,20210905,일요일,외지인(b),31392 
임실군,20210906,월요일,외지인(b),13860 
임실군,20210907,화요일,외지인(b),13787 
임실군,20210908,수요일,외지인(b),15908 
임실군,20210909,목요일,외지인(b),18032 
임실군,20210910,금요일,외지인(b),19499 
임실군,20210911,토요일,외지인(b),38024 
임실군,20210912,일요일,외지인(b),36789 
임실군,20210913,월요일,외지인(b),17269 
임실군,20210914,화요일,외지인(b),17000 
임실군,20210915,수요일,외지인(b),17388 
임실군,20210916,목요일,외지인(b),16989 
임실군,20210917,금요일,외지인(b),19047 
임실군,20210918,토요일,외지인(b),37366 
임실군,20210919,일요일,외지인(b),47901 
임실군,20210920,월요일,외지인(b),56147 
임실군,20210921,화요일,외지인(b),70088 
임실군,20210922,수요일,외지인(b),36197 
임실군,20210923,목요일,외지인(b),19345 
임실군,20210924,금요일,외지인(b),19877 
임실군,20210925,토요일,외지인(b),28494 
임실군,20210926,일요일,외지인(b),28039 
임실군,20210927,월요일,외지인(b),16356 
